-2154, 151
e,e,e,e,e,e,e,e,e,e,e,e,e,e,e,e,e,e,e,e,e,e,e,e,e,e,e,e,e,e,e,e,e,e,e,e,e,e,e,e,e,e,e,e,e,e,e,e
e,e,e,e,e,e,e,e,e,e,e,e,e,e,e,e,e,e,e,e,e,e,e,e,e,e,e,e,e,e,e,e,e,e,e,e,e,e,e,e,e,e,e,e,e,e,e,e
e,e,e,e,e,e,e,e,e,e,e,e,e,e,hlj,hlj,hlj,hlj,hl,hl,hl,hl,hl,hl,hl,hl,hl,hl,hl,hl,hl,hl,hl,hl,hl,hl,hl,hl,hl,hl,hl,hl,hl,hl,hl,hl,e,e
e,e,e,e,e,e,e,e,e,e,e,e,e,e,hlj,hlj,hlj,hlj,hl,hl,hl,hl,hl,hl,hl,hl,hl,hl,hl,hl,hl,hl,hl,hl,hl,hl,hl,hl,hl,hl,hl,hl,hl,hl,hl,hl,e,e
e,e,e,e,e,e,e,e,e,e,e,e,e,e,hlj,hlj,hlj,hlj,hl,hl,hl,hl,hl,hl,hl,hl,hl,hl,hl,hl,hl,hl,hl,hl,hl,hl,hl,hl,hl,hl,hl,hl,hl,hl,hl,hl,e,e
e,e,e,e,e,e,e,e,e,e,e,e,e,e,hlj,hlj,hlj,hlj,hl,hl,hl,hl,hl,hl,hl,hl,hl,hl,hl,hl,hl,hl,hl,hl,hl,hl,hl,hl,hl,hl,hl,hl,hl,hl,hl,hl,e,e
e,e,e,e,e,e,e,e,e,e,e,e,e,e,hlj,hlj,hlj,hlj,e,e,e,e,e,e,e,e,e,d203,e,e,e,e,e,d205,e,e,e,e,e,e,e,e,d207,e,e,e,e,e
e,e,e,e,e,e,e,e,e,e,e,e,e,e,hlj,hlj,hlj,hlj,e,r201,r201,r201,r201,r201,r201,e,r203,r203,r203,e,e,e,r205,r205,r205,e,e,e,r207,r207,r207,r207,r207,r207,r207,r207,e,e
e,e,e,e,rw,rw,rw,rw,e,rm,rm,rm,rm,e,hlj,hlj,hlj,hlj,e,r201,r201,r201,r201,r201,r201,e,r203,r203,r203,e,e,e,r205,r205,r205,e,e,e,r207,r207,r207,r207,r207,r207,r207,r207,e,e
e,e,e,e,rw,rw,rw,rw,e,rm,rm,rm,rm,e,hlj,hlj,hlj,hlj,e,r201,r201,r201,r201,r201,r201,e,r203,r203,r203,r203,e,e,r205,r205,r205,e,e,e,r207,r207,r207,r207,r207,r207,r207,r207,e,e
e,e,e,e,rw,rw,rw,rw,e,rm,rm,rm,rm,e,hlj,hlj,hlj,hlj,e,r201,r201,r201,r201,r201,r201,e,r203,r203,r203,r203,r203,e,r205,r205,r205,r205,e,e,r207,r207,r207,r207,r207,r207,r207,r207,e,e
e,e,e,e,rw,rw,rw,rw,e,rm,rm,rm,rm,e,hlj,hlj,hlj,hlj,d201,r201,r201,r201,r201,r201,r201,o201_203,r203,r203,r203,r203,r203,e,r205,r205,r205,r205,r205,e,r207,r207,r207,r207,r207,r207,r207,r207,e,e
e,e,e,e,rw,rw,rw,rw,e,rm,rm,rm,rm,e,hlj,hlj,hlj,hlj,e,e,r201,r201,r201,r201,r201,e,r203,r203,r203,r203,r203,e,r205,r205,r205,r205,r205,e,r207,r207,r207,r207,r207,r207,r207,r207,e,e
e,e,e,e,rw,rw,rw,rw,e,rm,rm,rm,rm,e,hlj,hlj,hlj,hlj,e,e,e,r201,r201,r201,r201,e,r203,r203,r203,r203,r203,e,r205,r205,r205,r205,r205,e,r207,r207,r207,r207,r207,r207,r207,r207,e,e
e,e,e,e,rw,rw,rw,rw,e,rm,rm,rm,rm,e,hlj,hlj,hlj,hlj,e,e,e,e,e,e,e,e,e,o203_208a,e,e,e,e,e,e,e,e,e,e,e,e,e,o207_210,o207_210,o207_210,e,e,e,e
e,e,e,e,rw,rw,rw,rw,e,rm,rm,rm,rm,e,hlj,hlj,hlj,hlj,e,rj,rj,e,r208a,r208a,r208a,r208a,r208a,r208a,r208a,r208a,r208a,r208a,r208c,r208c,r208c,r208c,r208c,r208c,e,r210,r210,r210,r210,r210,r210,r210,e,e
e,e,e,e,rw,rw,rw,rw,e,rm,rm,rm,rm,e,hlj,hlj,hlj,hlj,e,rj,rj,e,r208a,r208a,r208a,r208a,r208a,r208a,r208a,r208a,r208a,r208a,r208c,r208c,r208c,r208c,r208c,r208c,e,r210,r210,r210,r210,r210,r210,r210,e,e
e,e,e,e,rw,rw,rw,rw,e,rm,rm,rm,rm,e,hlj,hlj,hlj,hlj,e,rj,rj,e,r208a,r208a,r208a,r208a,r208a,r208a,r208a,r208a,r208a,r208a,r208c,r208c,r208c,r208c,r208c,r208c,e,r210,r210,r210,r210,r210,r210,r210,e,e
e,e,e,e,e,e,e,dw,e,dm,e,e,e,e,hlj,hlj,hlj,hlj,e,rj,rj,e,r208a,r208a,r208a,r208a,r208a,r208a,r208a,r208a,r208a,r208a,r208c,r208c,r208c,r208c,r208c,r208c,e,r210,r210,r210,r210,r210,r210,r210,e,e
e,e,e,e,e,dw,dw,dw,e,dm,dm,dm,e,e,hlj,hlj,hlj,hlj,dj,rj,rj,e,r208a,r208a,r208a,r208a,r208a,r208a,r208a,r208a,r208a,r208a,r208c,r208c,r208c,r208c,r208c,r208c,e,r210,r210,r210,r210,r210,r210,r210,e,e
e,e,e,e,e,dw,e,e,e,e,e,dm,e,e,hlj,hlj,hlj,hlj,e,rj,e,e,e,e,r208a,r208a,r208a,r208a,r208a,r208a,r208a,e,e,r208c,r208c,r208c,r208c,r208c,e,r210,r210,r210,r210,r210,r210,e,e,e
e,e,e,e,e,hf,hf,hf,hf,hf,hf,hf,e,e,hlj,hlj,hlj,hlj,e,e,e,e,e,e,r208a,r208a,r208a,r208a,r208a,r208a,e,e,e,r208c,r208c,r208c,r208c,r208c,e,r210,r210,r210,r210,r210,e,e,e,e
e,e,e,e,e,hf,hf,hf,hf,hf,hf,hf,e,e,hlj,hlj,hlj,hlj,e,e,e,e,e,e,e,e,d208a,e,e,e,e,e,e,e,e,d208c,e,e,e,e,e,d210,e,e,e,e,e,e
e,e,hf,hf,hf,hf,hf,hf,hf,hf,hf,hf,hf,hf,hcj,hcj,hcj,hcj,hc,hc,hc,hc,hc,hc,hc,hc,hc,hc,hc,hc,hc,hc,hc,hc,hc,hc,hc,hc,hc,hc,hc,hc,hc,hc,hc,hc,e,e
e,e,hf,hf,hf,hf,hf,hf,hf,hf,hf,hf,hf,hf,hcj,hcj,hcj,hcj,hc,hc,hc,hc,hc,hc,hc,hc,hc,hc,hc,hc,hc,hc,hc,hc,hc,hc,hc,hc,hc,hc,hc,hc,hc,hc,hc,hc,e,e
e,e,hf,hf,hf,hf,hf,hf,hf,hf,hf,hf,hf,hf,hcj,hcj,hcj,hcj,hc,hc,hc,hc,hc,hc,hc,hc,hc,hc,hc,hc,hc,hc,hc,hc,hc,hc,hc,hc,hc,hc,hc,hc,hc,hc,hc,hc,e,e
e,e,hf,hf,hf,hf,hf,hf,hf,hf,hf,hf,hf,hf,hcj,hcj,hcj,hcj,hc,hc,hc,hc,hc,hc,hc,hc,hc,hc,hc,hc,hc,hc,hc,hc,hc,hc,hc,hc,hc,hc,hc,hc,hc,hc,hc,hc,e,e
e,e,e,e,e,de2,e,e,e,de1,e,e,e,e,hrja,hrja,hrja,hrja,e,e,e,e,d209,e,e,e,d211,e,e,e,e,e,e,e,e,e,e,e,e,e,e,e,e,d215,e,e,e,e
e,e,e,e,e,de2,e,e,e,de1,e,e,e,e,hrja,hrja,hrja,hrja,e,e,e,r209,r209,r209,e,r211,r211,r211,e,e,e,e,e,e,e,e,e,e,e,e,e,r215,r215,r215,r215,r215,e,e
e,e,e,e,e,re2,re2,e,re1,re1,e,e,e,e,hrja,hrja,hrja,hrja,e,e,r209,r209,r209,r209,e,r211,r211,r211,r211,e,e,r213,r213,r213,r213,r213,r213,e,e,e,e,r215,r215,r215,r215,r215,e,e
e,e,e,e,e,re2,re2,e,re1,re1,e,e,e,e,hrja,hrja,hrja,hrja,e,r209,r209,r209,r209,r209,e,r211,r211,r211,r211,r211,e,r213,r213,r213,r213,r213,r213,r213,e,r215,r215,r215,r215,r215,r215,r215,e,e
e,e,e,e,e,re2,re2,e,re1,re1,e,e,e,e,hrjb,hrjb,hrjb,hrjb,e,r209,r209,r209,r209,r209,e,r211,r211,r211,r211,r211,e,r213,r213,r213,r213,r213,r213,r213,e,r215,r215,r215,r215,r215,r215,r215,e,e
e,e,e,e,e,e,e,e,e,e,e,e,e,e,hrjb,hrjb,hrjb,hrjb,e,r209,r209,r209,r209,r209,e,r211,r211,r211,r211,r211,o211_213,r213,r213,r213,r213,r213,r213,r213,e,r215,r215,r215,r215,r215,r215,r215,e,e
e,e,e,e,e,e,e,e,e,e,e,e,e,e,hrjb,hrjb,hrjb,hrjb,e,r209,r209,r209,r209,r209,e,r211,r211,r211,r211,r211,o211_213,r213,r213,r213,r213,r213,r213,r213,e,r215,r215,r215,r215,r215,r215,r215,e,e
e,e,e,e,e,e,e,e,e,e,e,e,e,e,hrjb,hrjb,hrjb,hrjb,e,r209,r209,r209,r209,r209,e,r211,r211,r211,r211,r211,e,r213,r213,r213,r213,r213,r213,r213,e,r215,r215,r215,r215,r215,r215,r215,e,e
e,e,e,e,e,e,e,e,e,e,e,e,e,e,hrjb,hrjb,hrjb,hrjb,e,o209_216a,o209_216a,e,e,e,e,e,e,e,e,e,e,e,e,e,e,e,d213_218,e,e,e,e,d215_220,e,e,e,e,e,e
e,e,e,e,e,e,e,e,e,e,e,e,e,e,hrjb,hrjb,hrjb,hrjb,e,r216a,r216a,r216a,r216a,r216a,r216a,r216a,r216c,r216c,r216c,r216c,r216c,e,r218,r218,r218,r218,r218,r218,e,r220,r220,r220,r220,r220,r220,r220,e,e
e,e,e,e,e,e,e,e,e,e,e,e,e,e,hrjb,hrjb,hrjb,hrjb,e,r216a,r216a,r216a,r216a,r216a,r216a,r216a,r216c,r216c,r216c,r216c,r216c,e,r218,r218,r218,r218,r218,r218,e,r220,r220,r220,r220,r220,r220,r220,e,e
e,e,e,e,e,e,e,e,e,e,e,e,e,e,hrjb,hrjb,hrjb,hrjb,e,r216a,r216a,r216a,r216a,r216a,r216a,r216a,r216c,r216c,r216c,r216c,r216c,e,r218,r218,r218,r218,r218,r218,e,r220,r220,r220,r220,r220,r220,r220,e,e
e,e,e,e,e,e,e,e,e,e,e,e,e,e,hrjb,hrjb,hrjb,hrjb,e,r216a,r216a,r216a,r216a,r216a,r216a,r216a,r216c,r216c,r216c,r216c,r216c,e,r218,r218,r218,r218,r218,r218,e,r220,r220,r220,r220,r220,r220,r220,e,e
e,e,e,e,e,e,e,e,e,e,e,e,e,e,hrjb,hrjb,hrjb,hrjb,e,r216a,r216a,r216a,r216a,r216a,r216a,r216a,r216c,r216c,r216c,r216c,r216c,e,r218,r218,r218,r218,r218,r218,e,r220,r220,r220,r220,r220,r220,r220,e,e
e,e,e,e,e,e,e,e,e,e,e,e,e,e,hrjb,hrjb,hrjb,hrjb,e,r216a,r216a,r216a,r216a,e,e,e,e,e,r216c,r216c,r216c,e,r218,r218,r218,r218,r218,e,e,e,r220,r220,r220,r220,r220,r220,e,e
e,e,e,e,e,e,e,e,e,e,e,e,e,e,hrjb,hrjb,hrjb,hrjb,e,r216a,r216a,r216a,r216a,e,e,e,e,e,r216c,r216c,r216c,e,r218,r218,r218,r218,e,e,e,e,e,r220,r220,r220,r220,r220,e,e
e,e,e,e,e,e,e,e,e,e,e,e,e,e,hrjb,hrjb,hrjb,hrjb,e,e,d216a,e,e,e,e,e,e,e,e,d216c,e,e,e,e,d218,e,e,e,e,e,e,d220,e,e,e,e,e,e
e,e,e,e,e,e,e,e,e,e,e,e,e,e,hrjb,hrjb,hrjb,hrjb,hr,hr,hr,hr,hr,hr,hr,hr,hr,hr,hr,hr,hr,hr,hr,hr,hr,hr,hr,hr,hr,hr,hr,hr,hr,hr,hr,hr,e,e
e,e,e,e,e,e,e,e,e,e,e,e,e,e,hrjb,hrjb,hrjb,hrjb,hr,hr,hr,hr,hr,hr,hr,hr,hr,hr,hr,hr,hr,hr,hr,hr,hr,hr,hr,hr,hr,hr,hr,hr,hr,hr,hr,hr,e,e
e,e,e,e,e,e,e,e,e,e,e,e,e,e,hrjb,hrjb,hrjb,hrjb,hr,hr,hr,hr,hr,hr,hr,hr,hr,hr,hr,hr,hr,hr,hr,hr,hr,hr,hr,hr,hr,hr,hr,hr,hr,hr,hr,hr,e,e
e,e,e,e,e,e,e,e,e,e,e,e,e,e,hrjb,hrjb,hrjb,hrjb,hr,hr,hr,hr,hr,hr,hr,hr,hr,hr,hr,hr,hr,hr,hr,hr,hr,hr,hr,hr,hr,hr,hr,hr,hr,hr,hr,hr,e,e
e,e,e,e,e,e,e,e,e,e,e,e,e,e,e,e,e,e,e,e,e,e,e,e,e,e,e,e,e,e,e,e,e,e,e,e,e,e,e,e,e,e,e,e,e,e,e,e
e,e,e,e,e,e,e,e,e,e,e,e,e,e,e,e,e,e,e,e,e,e,e,e,e,e,e,e,e,e,e,e,e,e,e,e,e,e,e,e,e,e,e,e,e,e,e,e